scale,avg_partitioning,stdev_partitioning,median_partitioning,min_partitioning,max_partitioning,avg_nf2,stdev_nf2,median_nf2,min_nf2,max_nf2
100,46.767191399999994,20.763854940944654,37.495764,33.356706,83.134013,28.2722214,5.743162447807982,26.528932,24.13998,38.164922
1000,748.9063628,85.83345957078713,711.550911,673.40247,860.810825,928.3172311999999,64.6001523411665,930.706185,854.505265,1028.729089
10000,21805.9868724,1928.7383387390878,20806.142046,20216.090367,24905.352931,21759.026869,98.95944226077165,21744.162329,21659.853583,21918.968455
