scale,avg_partitioning,stdev_partitioning,median_partitioning,min_partitioning,max_partitioning,avg_nf2,stdev_nf2,median_nf2,min_nf2,max_nf2
100,54.3097444,30.039502453557752,38.397148,35.654794,106.757091,56.4256558,30.19345008605947,46.553041,27.673716,90.308344
1000,731.0269536,145.8508234800898,769.236171,561.57197,897.361624,617.0735614,83.17401709591863,602.367014,504.323924,734.140397
10000,24690.0178828,596.2086775756338,24371.487441,24194.824731,25572.46533,13598.850383200002,507.89737053670996,13493.811234,13031.44684,14421.924761
