scale,avg_partitioning,stdev_partitioning,median_partitioning,min_partitioning,max_partitioning,avg_nf2,stdev_nf2,median_nf2,min_nf2,max_nf2
100,9.495662,1.6749336957390277,8.811851,8.580743,12.486668,38.271097000000005,12.884878859392744,34.738953,27.675043,60.232125
1000,103.90178919999998,13.823992084522937,104.301649,83.041124,121.863612,2179.858841,220.172320671019,2091.560037,2046.627686,2569.843155
10000,4077.1646546,154.87291332395117,4096.871068,3853.504414,4235.901838,557655.790276,17733.49036333597,549660.46792,549588.364377,589376.852643
