scale,avg_partitioning,stdev_partitioning,median_partitioning,min_partitioning,max_partitioning,avg_nf2,stdev_nf2,median_nf2,min_nf2,max_nf2
100,59.0253922,12.53624280131133,59.630086,46.62009,76.417358,35.3275832,6.294323969359116,33.81103,28.528515,44.732394
1000,900.2667558,82.7982148645097,892.281445,774.722417,981.60725,647.7509574000001,39.8858095468831,649.474188,589.989861,700.573958
10000,27132.5609008,1739.432746751392,26300.604403,25813.152772,29966.079585,14740.587274999998,788.0690053639636,14500.916512,14176.918807,16079.624252
