scale,avg_partitioning,stdev_partitioning,median_partitioning,min_partitioning,max_partitioning,avg_nf2,stdev_nf2,median_nf2,min_nf2,max_nf2
100,42.3056578,5.518912661161681,44.341767,36.602134,49.23163,31.1708686,5.703986586741094,30.419143,25.338472,40.063304
1000,651.0567804,104.45208097902866,604.726214,599.732706,837.825549,635.2004668,45.45296889351443,622.10226,593.109224,712.963546
10000,30206.591835599997,1891.736423110512,29420.43367,29172.427238,33571.424616,18024.390175,188.01826178447737,18052.264043,17829.436158,18252.014264
