scale,avg_partitioning,stdev_partitioning,median_partitioning,min_partitioning,max_partitioning,avg_nf2,stdev_nf2,median_nf2,min_nf2,max_nf2
100,9.0133456,0.9571570054551138,8.645836,8.423947,10.714073,28.944397,9.726610182783697,25.481579,21.857187,45.899946
1000,178.4929558,23.779806122699604,186.631989,148.796721,207.150442,574.7094063999999,88.83390550128264,537.796642,531.007351,733.469147
10000,4043.5977083999996,49.82440165662148,4052.850153,3978.452482,4113.946515,19963.250867,2000.7788674587298,19067.339812,19042.462308,23542.000013
