scale,avg_partitioning,stdev_partitioning,median_partitioning,min_partitioning,max_partitioning,avg_nf2,stdev_nf2,median_nf2,min_nf2,max_nf2
100,50.9778386,8.141693956128988,47.515397,41.505616,59.957297,31.187644999999996,2.2884499639988873,30.289516,28.960559,34.314103
1000,656.1535696000001,71.24808004906599,648.307259,588.755884,773.475035,647.9957935999998,18.83249560609695,657.077417,617.248713,662.130361
10000,19666.9337382,1883.0038172588195,18473.056925,18290.02502,22567.044579,16200.2474092,1141.2033963328595,15735.29162,15592.945644,18237.940273
